# FID, START_X, START_Y, END_X, END_Y
1, 0.0500, 0.4160, 0.2200, 0.0624
2, 0.0500, 0.2750, 0.2500, 0.1350
3, 0.1500, 0.6300, 0.4500, 0.0900
4, 0.1500, 0.9167, 0.4000, 0.5000
5, 0.6500, 0.8333, 0.849723, 0.167625
6, 0.7000, 0.2350, 0.849723, 0.167625
7, 0.6000, 0.3800, 0.8500, 0.2675
8, 0.3500, 0.9714, 0.8000, 0.7143
9, 0.7500, 0.9574, 0.9500, 0.8155
10, 0.1500, 0.8363, 0.4000, 0.9727
